time_min,LituBD5_mass,LituLD2_mass,LituBL2t_mass,LituLL21_mass
0,10.1939,2.6558,8.630006762,2.2994
4,10.1389,2.6687,8.433729487,2.2472
8,10.0182,2.5720,8.425646423,2.2357
12,10.0514,2.6448,8.081766105,2.2573
16,10.1963,2.6695,8.018859107,2.2242
20,9.9652,2.6273,8.083171929,2.1041
24,10.1188,2.6492,7.787613962,2.1052
28,9.9428,2.6538,7.795872684,2.1785
32,10.1331,2.5985,7.873364517,2.1771
36,10.0955,2.5821,7.935920012,2.2864
40,9.9200,2.6639,7.975808172,2.2561
44,10.0672,2.5932,7.906048089,2.2285
48,9.9771,2.6844,7.719259702,2.2979
52,10.0494,2.6396,7.888476136,2.2786
56,9.9374,2.6029,7.660745457,2.1711
60,9.9428,2.4594,7.780585219,2.2177
64,9.9103,2.5967,7.783221021,2.1912
68,9.9083,2.6269,7.713636594,2.2785
72,9.9214,2.5937,7.756511872,2.2486
76,9.8960,2.5777,7.580969513,2.2274
80,9.7106,2.5736,7.634914971,2.2075
84,9.7945,2.5600,7.587471096,2.1725
88,9.7914,2.5430,7.646160998,2.1821
92,9.7747,2.6577,7.557423326,2.1910
96,9.7573,2.5793,7.517008005,2.2482
100,9.6297,2.5517,7.4878389,2.1871
104,9.6832,2.5694,7.488541718,2.1769
108,9.6814,2.5169,7.49451614,2.1251
112,9.6474,2.5570,7.578158053,2.1392
116,9.7163,2.4839,7.457966788,2.1325
120,9.7126,2.5489,7.469212815,2.1515
124,9.6311,2.4866,7.337951369,2.1230
128,9.5216,2.4400,7.447599425,2.0964
132,9.4880,2.4548,7.302456338,2.1246
136,9.5494,2.4859,7.365011832,2.1510
140,9.5592,2.4162,7.310890716,2.1309
144,9.5276,2.5099,7.476241558,2.1654
148,9.4129,2.4409,7.349373053,2.0830
152,9.4256,2.4688,7.182616576,2.0952
156,9.3724,2.3844,7.291385968,2.1510
160,9.1073,2.4044,7.263622498,2.0373
164,9.3207,2.4275,7.338829844,2.0461
168,9.3078,2.4290,7.310363556,2.0480
172,9.2549,2.3888,7.191578115,2.0790
176,9.2353,2.4358,7.176466307,2.0286
180,9.2161,2.3858,7.271354248,2.0274
184,9.3343,2.3733,7.131482577,2.0777
188,9.1865,2.4002,7.138862634,2.0231
192,9.2168,2.4185,7.195971056,2.0598
196,9.2292,2.4559,7.265555482,2.0086
200,9.1540,2.4520,7.026754433,1.9853
204,9.1360,2.4301,7.113910624,1.9729
208,9.0017,2.3882,6.983879345,1.9690
212,9.0258,2.3904,7.018495712,2.0007
216,9.0792,2.3267,7.073319834,1.9963
220,9.0340,2.3963,6.969997515,2.0030
224,8.9989,2.4144,6.975971938,1.9956
228,9.0819,2.3676,7.003384093,1.9367
232,9.0523,2.4693,6.937138287,1.9674
236,8.9566,2.3036,6.960684473,1.9631
240,8.9265,2.4483,6.961563137,1.9030
244,8.9585,2.3353,6.84312901,2.0043
248,8.8742,2.3589,6.872122647,1.9525
252,8.9594,2.3399,6.913943415,1.9461
256,8.8435,2.3668,6.858416475,1.9337
260,8.7558,2.3143,6.867202545,1.9561
264,8.8877,2.3254,6.797442462,1.9614
268,8.7014,2.3289,6.851212074,1.9320
272,8.8119,2.2872,6.813257087,1.8913
276,8.8530,2.3482,6.736819574,1.9277
280,8.6832,2.3156,6.754918498,1.8915
284,8.8167,2.3538,6.745429799,1.8656
288,8.7195,2.3558,6.719950628,1.9262
292,8.7195,2.3689,6.637714539,1.9145
296,8.7014,2.2642,6.694998617,1.8997
300,8.7922,2.2605,6.607491112,1.8391
304,8.5380,2.3036,6.599935209,1.8772
308,8.6832,2.3110,6.668640972,1.8558
312,8.6288,2.3403,6.583417766,1.8341
316,8.6106,2.2880,6.549152713,1.8115
320,8.5017,2.2657,6.623305738,1.8517
324,8.4654,2.2942,6.514536157,1.9099
328,8.4835,2.3215,6.533865248,1.8697
332,8.4290,2.2638,6.588513524,1.8748
336,8.3746,2.2613,6.467092281,1.8451
340,8.3564,2.1536,6.537028022,1.8596
344,8.3746,2.2642,6.570765915,1.8450
348,8.3746,2.2659,6.605909631,1.8420
352,8.3383,2.2463,6.493625773,1.8675
356,8.1386,2.2176,6.434233052,1.8274
360,8.3201,2.2754,6.41332248,1.8022
364,8.3746,2.2773,6.578848979,1.8393
368,8.3020,2.2439,6.389951951,1.8013
372,8.1930,2.2670,6.37607031,1.8419
376,8.2112,2.2347,6.443370437,1.8307
380,8.3383,2.2581,6.357092722,1.8140
384,8.2657,2.1984,6.319489049,1.7895
388,8.2112,2.1886,6.246038842,1.7756
392,8.1567,2.1894,6.544935429,1.7270
396,8.2475,2.3023,6.275208136,1.7842
400,7.9752,2.2343,6.254121906,1.7586
404,8.1567,2.2472,6.313514627,1.8322
408,8.0115,2.3014,6.233211522,1.8067
412,8.0478,2.2050,6.35445692,1.7685
416,8.1386,2.3149,6.169074357,1.7763
420,8.0296,2.1912,6.246917506,1.7730
424,8.0115,2.2319,6.309297343,1.7574
428,8.0841,2.2747,6.142540866,1.7215
432,7.9025,2.2028,6.124793444,1.7034
436,8.0841,2.2526,6.120576161,1.6294
440,7.8662,2.2332,6.113020257,1.7077
444,7.9389,2.2262,6.108802973,1.7287
448,7.8299,2.1888,6.097557135,1.7132
452,7.9389,2.1820,6.077700883,1.7173
456,7.8844,2.1827,6.047653114,1.6844
460,7.7936,2.2349,6.066279199,1.7101
464,7.8481,2.1925,5.951711041,1.7014
468,7.9207,2.1792,6.052221712,1.7187
472,7.8481,2.2340,6.098084295,1.6969
476,7.7755,2.1678,5.997222121,1.7185
480,7.7936,2.2872,5.94397948,1.7558
484,7.8662,2.2327,5.900401385,1.6708
488,7.7210,2.1394,5.900928546,1.7000
492,7.7392,2.2135,5.899347064,1.7146
496,7.7755,2.1584,5.86965061,1.6964
500,7.6665,2.1389,5.962781223,1.7299
504,7.7392,2.1311,5.837494199,1.6978
508,7.7392,2.2001,5.781615944,1.6746
512,7.7210,2.1343,5.801999168,1.6888
516,7.6484,2.1450,5.878787995,1.6545
520,7.6484,2.1671,5.847510248,1.6596
524,7.6302,2.1079,5.838724366,1.6772
528,7.7210,2.1912,5.742782104,1.6596
532,7.5394,2.1407,5.741376469,1.6634
536,7.5213,2.0969,5.804107809,1.7249
540,7.5031,2.1247,5.787063206,1.6069
544,7.6121,2.1741,5.708692897,1.7038
548,7.5213,2.1896,5.679699449,1.6552
552,7.5031,2.1221,5.683038069,1.6256
556,7.4850,2.1317,5.699379855,1.6741
560,7.5213,2.2104,5.661249022,1.6443
564,7.5031,2.1831,5.735050543,1.6591
568,7.4850,2.1486,5.601329141,1.6225
572,7.4305,2.1107,5.704475614,1.6083
576,7.4850,2.1586,5.736280522,1.6078
580,7.3760,2.1837,5.634364027,1.5890
584,7.3397,2.1262,5.584108691,1.6497
588,7.3216,2.1343,5.609763519,1.6440
592,7.3216,2.1717,5.622415182,1.6354
596,7.3579,2.2701,5.485179502,1.6375
600,7.3579,2.0930,5.545977858,1.6206
604,7.3397,2.1409,5.480435058,1.6124
608,7.3034,2.1756,5.495019705,1.6176
612,7.2671,2.1013,5.451792924,1.6215
616,7.2671,2.0795,5.477272095,1.5497
620,7.2671,2.1164,5.478150759,1.5756
624,7.2490,2.0639,5.428071081,1.5430
628,7.2490,2.1365,5.445467187,1.5767
632,7.2308,2.1457,5.390643065,1.5884
636,7.1763,2.1582,5.545450697,1.5789
640,7.1945,2.0770,5.352160728,1.6212
644,7.1763,2.0864,5.420690834,1.5614
648,7.1945,2.1140,5.380802862,1.5811
652,7.1400,2.0928,5.328614542,1.5611
656,7.1400,2.0952,5.267289026,1.6064
660,6.9948,2.0349,5.341617708,1.5324
664,7.1582,2.1464,5.343374846,1.6102
668,7.0493,2.0889,5.288375067,1.5468
672,7.1037,2.0418,5.458470353,1.5361
676,7.0493,2.0571,5.333710301,1.5252
680,6.9585,2.0700,5.304716853,1.5600
684,7.0493,2.1039,5.327911724,1.5377
688,6.9948,2.0703,5.388007263,1.5451
692,7.0493,2.0700,5.240755534,1.5082
696,6.9585,2.1064,5.329141702,1.4922
700,6.9766,2.0880,5.190148695,1.5307
704,6.9403,2.1099,5.188391557,1.5221
708,6.9585,2.0674,5.231793806,1.5307
712,6.9766,2.0757,5.225292223,1.5444
716,6.9585,2.0266,5.207544802,1.4996
720,6.9040,2.1022,5.135148916,1.4788
724,6.8495,2.0206,5.179078514,1.4946
728,6.8677,2.0027,5.140771835,1.4848
732,6.8859,2.0943,5.188391557,1.4954
736,6.8132,2.0711,5.171346764,1.5004
740,6.8495,2.1361,5.117577152,1.4867
744,6.8314,2.0569,5.092449484,1.4602
748,6.8495,2.0915,5.114062686,1.4585
752,6.8495,2.0395,5.132513113,1.5492
756,6.8495,2.1346,5.211410582,1.5174
760,6.7951,2.0484,5.070660436,1.4975
764,6.7043,2.0856,5.079270472,1.5166
768,6.7406,2.0639,5.059062906,1.4468
772,6.7951,1.9763,5.058535746,1.4937
776,6.7043,2.0252,4.954862112,1.4850
780,6.7406,2.1334,4.981044101,1.4108
784,6.6680,2.0523,5.123727231,1.4621
788,6.6680,2.0799,5.128647333,1.4547
792,6.6498,2.0228,5.063104533,1.4463
796,6.6498,2.1214,4.997561544,1.4257
800,6.6317,2.0313,5.130404471,1.4223
804,6.6498,1.9832,5.013024855,1.4465
808,6.6861,2.0200,5.033935238,1.4166
812,6.6680,2.0193,5.101411023,1.3963
816,6.5591,2.0442,4.995980062,1.4224
820,6.6317,1.9992,5.139541857,1.4386
824,6.5954,2.0467,4.866651601,1.4020
828,6.5409,2.0384,4.959957871,1.4367
832,6.5954,2.1330,5.07276889,1.4341
836,6.5227,1.9900,5.010213395,1.4298
840,6.5409,2.0458,5.074526217,1.3903
844,6.5591,2.0069,4.945373412,1.4127
848,6.4501,2.0290,4.949063347,1.3613
852,6.5046,2.0222,4.953456288,1.4329
856,6.4320,2.0132,4.859622857,1.4504
860,6.4864,1.9428,4.940628968,1.4255
864,6.4864,1.9924,4.872098863,1.3740
868,6.5046,1.9719,4.867705922,1.4202
872,6.4138,2.0436,4.857514216,1.4157
876,6.4320,1.9992,4.934830203,1.3797
880,6.4320,2.0093,4.819207725,1.3589
884,6.4501,1.9994,4.954510609,1.4005
888,6.3594,2.0878,4.896875216,1.4082
892,6.4864,2.0034,4.787051314,1.3673
896,6.4320,1.9955,4.846971195,1.3726
900,6.3412,1.9727,4.809367522,1.3440
904,6.3594,1.9868,4.75120478,1.3426
908,6.3957,1.9179,4.820262046,1.3629
912,6.3230,1.9992,4.851539793,1.3678
916,6.2867,1.9328,4.740134599,1.3488
920,6.2867,1.9019,4.764207945,1.3683
924,6.2867,1.9570,4.837306649,1.3319
928,6.2867,1.9955,4.7617478,1.3683
932,6.2504,1.9671,4.646476825,1.3424
936,6.3594,1.9640,4.884047707,1.3144
940,6.2323,2.0370,4.74224324,1.3766
944,6.2323,1.9481,4.760693668,1.3623
948,6.2686,1.9773,4.815166287,1.3259
952,6.1960,1.9787,4.80392026,1.3421
956,6.2323,1.9413,4.802514436,1.3831
960,6.1960,1.9664,4.713601107,1.3529
964,6.2323,1.9773,4.879479109,1.3574
968,6.0689,1.9557,4.753313422,1.2983
972,6.1960,1.9592,4.676876098,1.3053
976,6.1415,1.9531,4.77562963,1.3388
980,6.1415,1.9914,4.93887183,1.3029
984,6.2504,1.8969,4.817801901,1.3598
988,6.1415,1.9747,4.747690502,1.3031
992,6.1960,1.9515,4.712371129,1.3525
996,6.1415,1.9769,4.761044983,1.2984
1000,6.1052,1.9553,4.683201834,1.2912
1004,6.1052,1.9524,4.585502623,1.2907
1008,6.1052,1.9081,4.733281513,1.2959
1012,6.0689,1.9730,4.759990662,1.3860
1016,6.1415,1.9295,4.754894903,1.2907
1020,6.0689,1.9360,4.751029122,1.3005
1024,6.0689,1.9551,4.695326525,1.2447
1028,6.1233,1.8910,4.645071001,1.3118
1032,6.0144,1.9085,4.704288064,1.2552
1036,6.0870,1.8835,4.656668531,1.3024
1040,6.0144,1.8770,4.510470935,1.2744
1044,6.0144,1.9004,4.545087491,1.2528
1048,5.9599,2.0095,4.607291671,1.2560
1052,5.9599,1.9339,4.55738765,1.2862
1056,5.9962,1.8540,4.497467769,1.2957
1060,5.9599,1.8890,4.531030004,1.3000
1064,6.0144,1.9019,4.710438144,1.2727
1068,5.9962,1.9196,4.518729656,1.2698
1072,5.9781,1.9091,4.703409401,1.2634
1076,5.9599,1.8969,4.448793915,1.2986
1080,6.0144,1.9940,4.490087711,1.2694
1084,5.9781,1.8678,4.528745705,1.2387
1088,5.9962,1.9922,4.505199519,1.2284
1092,5.9962,1.8991,4.591125542,1.2543
1096,5.8510,1.8925,4.534192967,1.2279
1100,5.9236,1.8890,4.537531587,1.2277
1104,5.8692,1.8457,4.514336715,1.2519
1108,5.9781,1.9006,4.458106958,1.2129
1112,5.9962,1.8641,4.548250454,1.2134
1116,5.9599,1.9758,4.538234405,1.2201
1120,6.0144,1.8429,4.635933805,1.2066
1124,5.9236,1.8888,4.455822658,1.2380
1128,5.9599,1.8938,4.537004427,1.2225
1132,5.9418,1.9004,4.466014364,1.2438
1136,5.8692,1.9540,4.408027279,1.2050
1140,5.9418,1.8912,4.406972958,1.2538
1144,5.9055,1.9437,4.529272866,1.2067
1148,5.8510,1.8623,4.525582742,1.2030
1152,5.8147,1.8306,4.471637284,1.2150
1156,5.8692,1.8680,4.423666247,1.2134
1160,5.8329,1.8892,4.380439655,1.2060
1164,5.8329,1.9046,4.445982456,1.2189
1168,5.8329,1.8916,4.33967302,1.2016
1172,5.8147,1.8685,4.424193408,1.2297
1176,5.8510,1.8335,4.438075049,1.1899
1180,5.8329,1.8580,4.402580018,1.1841
1184,5.7965,1.8602,4.374465233,1.2337
1188,5.8147,1.9891,4.449321076,1.1750
1192,5.7602,1.8654,4.393794136,1.1659
1196,5.7421,1.8706,4.387116895,1.1916
1200,5.8510,1.8062,4.397132756,1.1779
1204,5.8147,1.8648,4.467244343,1.1619
1208,5.8329,1.8494,4.460918417,1.1863
1212,5.8329,1.7865,4.400998536,1.1942
1216,5.7602,1.8540,4.563186415,1.2016
1220,5.7784,1.8468,4.416461847,1.1315
1224,5.7602,1.8398,4.461094263,1.1470
1228,5.8147,1.8514,4.387819713,1.1727
1232,5.7602,1.8866,4.554752036,1.1628
1236,5.7965,1.7756,4.383251115,1.1475
1240,5.7602,1.8890,4.483410471,1.1696
1244,5.7421,1.8626,4.373410912,1.1183
1248,5.7421,1.8529,4.47075862,1.1138
1252,5.6695,1.8774,4.401525697,1.1310
1256,5.6331,1.8394,4.448793915,1.1406
1260,5.6876,1.7812,4.428059188,1.1787
1264,5.6331,1.8271,4.382372451,1.1523
1268,5.6150,1.8554,4.429289167,1.1684
1272,5.7602,1.8475,4.334928575,1.1576
1276,5.7602,1.8090,4.475854567,1.1377
1280,5.7421,1.7904,4.462148584,1.1506
1284,5.6695,1.8171,4.351797522,1.1023
1288,5.6876,1.7915,4.383075269,1.1349
1292,5.6876,1.8499,4.25304399,1.1786
1296,5.7421,1.7786,4.424369065,1.1561
1300,5.7602,1.8342,4.403282835,1.1437
1304,5.6331,1.8398,4.3435388,1.1279
1308,5.7239,1.7817,4.43016783,1.1624
1312,5.6331,1.8219,4.255855449,1.1853
1316,5.6876,1.8053,4.311030886,1.1339
1320,5.6876,1.8875,4.336158554,1.1243
1324,5.6695,1.7779,4.251989669,1.1037
1328,5.6331,1.7865,4.4018772,1.1227
1332,5.6513,1.7965,4.534895785,1.1559
1336,5.6150,1.8682,4.323155388,1.1538
1340,5.6876,1.8003,4.412596066,1.1440
1344,5.6513,1.7651,4.393969793,1.0865
1348,5.6150,1.7609,4.460391257,1.1317
1352,5.5968,1.8092,4.460215599,1.1246
1356,5.5787,1.7944,4.481125983,1.1107
1360,5.5968,1.8389,4.263762667,1.1339
1364,5.6331,1.7637,4.390631173,1.0881
1368,5.5787,1.8414,4.393794136,1.1485
1372,5.6513,1.8339,4.452308192,1.0949
1376,5.6331,1.7788,4.335280079,1.1021
1380,5.5968,1.7738,4.386589735,1.0776
1384,5.5968,1.7974,4.294513443,1.1782
1388,5.6513,1.7779,4.352324682,1.0673
1392,5.5968,1.7992,4.361637725,1.0625
1396,5.6331,1.7749,4.31911395,1.0887
1400,5.6513,1.7432,4.387819713,1.0977
1404,5.6150,1.9081,4.332117116,1.0743
1408,5.5968,1.7640,4.275360198,1.0743
1412,5.5424,1.7747,4.338970013,1.0659
1416,5.6331,1.7808,4.321749753,1.0568
1420,5.5968,1.7854,4.385886917,1.0868
1424,5.6150,1.7747,4.256733924,1.0781
1428,5.5424,1.7065,4.436493567,1.0485
1432,5.5787,1.8009,4.306110785,1.0657
1436,5.5968,1.8044,4.337740035,1.0496
1440,5.5787,1.7541,4.350391698,1.0554
1444,5.5605,1.7677,4.228794797,1.0343
1448,5.5605,1.7099,4.337740035,1.0786
1452,5.5605,1.7596,4.35355466,1.1128
1456,5.6150,1.7519,4.32860265,1.0683
1460,5.4879,1.7502,4.303650828,1.0461
1464,5.5787,1.7714,4.427004867,1.0396
1468,5.5787,1.7395,4.293986283,1.0578
1472,5.4697,1.7723,4.289768999,
1476,5.5968,1.7685,4.353730318,
1480,5.5605,1.7565,4.291174823,
1484,5.5787,1.7546,4.233714898,
1488,5.4516,1.7216,4.359353425,
1492,5.6150,1.7666,4.290471817,
1496,5.5061,1.7469,4.328075489,
1500,5.5787,1.7898,4.386765392,
1504,5.5242,1.7629,4.299257699,
1508,5.5061,1.7587,4.480950326,
1512,5.5424,1.7438,4.199625691,
1516,5.5061,1.7373,4.277117336,
1520,5.5061,1.7784,4.299082041,
1524,5.5605,1.7526,4.301015026,
1528,5.5061,1.7139,4.263235507,
1532,5.4697,1.8018,4.32579119,
1536,5.5061,1.7865,4.314721009,
1540,5.4879,1.7325,4.211750193,
1544,5.5605,1.7620,4.278874475,
1548,5.5242,1.7539,4.330008474,
1552,5.5605,1.7310,4.241095145,
1556,5.4879,1.7545,4.372532248,
1560,5.4879,1.7246,4.289944656,
1564,5.4334,1.6940,4.191718284,
1568,5.5242,1.7428,4.278874475,
1572,5.3790,1.7688,4.264992834,
1576,5.4879,1.7279,4.276941679,
1580,5.4334,1.7707,4.244960925,
1584,5.4334,1.7393,4.287133196,
1588,5.5242,1.7491,4.224577513,
1592,5.4334,1.7117,4.209993055,
1596,5.4334,1.7530,4.159561873,
1600,5.5061,1.7902,4.224753359,
1604,5.5061,1.6881,4.25690977,
1608,5.3790,1.8256,4.203315626,
1612,5.4153,1.7216,4.174673681,
1616,5.4516,1.7423,4.227740476,
1620,5.5242,1.7460,4.188204007,
1624,5.5061,1.7228,4.217373113,
1628,5.4697,1.6953,4.260424047,
1632,5.4334,1.6911,4.250935348,
1636,5.5061,1.6763,4.292404801,
1640,5.4697,1.7036,4.158859056,
1644,5.3971,1.7012,4.273427213,
1648,5.4334,1.7100,4.249002363,
1652,5.4879,1.6946,4.182405242,
1656,5.5061,1.7633,4.324209709,
1660,5.4153,1.7165,4.232133417,
1664,5.4516,1.6911,4.286078876,
1668,5.4879,1.7235,4.231430599,
1672,5.4697,1.7102,4.220536075,
1676,5.4697,1.7286,4.197868364,
1680,5.4334,1.7167,4.214385996,
1684,5.5605,1.6850,4.314896667,
1688,5.4153,1.7351,4.230376278,
1692,5.4153,1.7156,4.23582354,
1696,5.4334,1.6780,4.225631834,
1700,5.5242,1.7016,4.255855449,
1704,5.4334,1.6551,4.169929237,
1708,5.4516,1.6841,4.179945097,
1712,5.4516,1.6745,4.185392359,
1716,5.4697,1.6691,4.238635,
1720,5.4516,1.7065,4.183811066,
1724,5.4879,1.6992,4.236175043,
1728,5.5061,1.6524,4.141462949,
1732,5.4697,1.6500,4.376222372,
1736,5.4153,1.6946,4.149721671,
1740,5.4697,1.6570,4.267979951,
1744,5.4153,1.6859,4.21421015,
1748,5.4516,1.6798,4.189433985,
1752,5.4334,1.6997,4.304529303,
1756,5.4334,1.6675,4.181526578,
1760,5.4516,1.6820,4.236350701,
1764,5.4516,1.6459,4.154993275,
1768,5.4334,1.6616,4.204369947,
1772,5.4153,1.6876,4.121079537,
1776,5.4697,1.6656,4.167644938,
1780,5.4516,1.6678,4.184689541,
1784,5.4516,1.6564,4.230376278,
1788,5.4334,1.5821,4.230903439,
1792,5.5061,1.7368,4.221414739,
1796,5.3608,1.6995,4.117038099,
1800,5.4153,1.6922,4.153411794,
1804,5.4334,1.6396,4.239689321,
1808,5.3790,1.6365,4.294864758,
1812,5.4334,1.6896,4.143571591,
1816,5.5061,1.6144,4.073987164,
1820,5.4697,1.6339,4.248123888,
1824,5.4334,1.6575,4.15200597,
1828,5.3608,1.6100,4.177660798,
1832,5.4334,1.6525,4.165536296,
1836,5.4334,1.6518,4.24197362,
1840,5.4153,1.6905,4.161670515,
1844,5.4334,1.6669,4.118443923,
1848,5.3971,1.5843,4.14919451,
1852,5.3971,1.6590,4.180648103,
1856,5.4697,1.6477,4.17361936,
1860,5.4334,1.6743,4.160089034,
1864,5.3790,1.6422,4.143747248,
1868,5.3971,1.6678,4.160791852,
1872,5.3971,1.6383,4.134258549,
1876,5.4334,1.6282,4.140232971,
1880,5.4153,1.6439,4.122836864,
1884,5.4334,1.6653,4.162549179,
1888,5.4153,1.6579,4.154993275,
1892,5.3971,1.6710,4.216494638,
1896,5.4153,1.5838,4.185392359,
1900,5.3790,1.6970,4.173795017,
1904,5.3971,1.6019,4.186271023,
1908,5.4516,1.5930,4.24250078,
1912,5.3971,1.6315,4.134609863,
1916,5.3245,1.6706,4.144274409,
1920,5.4516,1.6466,4.181878082,
1924,5.4153,1.6485,4.108779378,
1928,5.3790,1.6218,4.16746928,
1932,5.3427,1.6295,4.171510718,
1936,5.3245,1.6691,4.119322398,
1940,5.4334,1.6393,4.159913377,
1944,5.3790,1.5908,4.159561873,
1948,5.4334,1.6535,4.351621864,
1952,5.3971,1.6524,4.138651489,
1956,5.4334,1.6286,4.219657412,
1960,5.4334,1.6398,4.11756526,
1964,5.4153,1.6512,4.141814264,
1968,5.3245,1.6356,4.095951869,
1972,5.3790,1.6020,4.130568425,
1976,5.3608,1.6168,4.137070008,
1980,5.3790,1.5879,4.102804955,
1984,5.3245,1.6319,4.146558708,
1988,5.3608,1.6627,4.085408849,
1992,5.3245,1.6105,4.137772826,
1996,5.3790,1.6907,4.117740917,
2000,5.4153,1.6166,4.167820595,
2004,5.3245,1.6524,4.203139969,
2008,5.3245,1.6175,4.164130472,
2012,5.3608,1.6566,4.248123888,
2016,5.3063,1.6216,4.113699479,
2020,5.3971,1.6402,4.018460224,
2024,5.4153,1.5886,4.135664184,
2028,5.3790,1.5974,4.188204007,
2032,5.3245,1.5641,4.264114171,
2036,5.3063,1.6017,4.151478809,
2040,5.3790,1.5930,4.149018853,
2044,5.3790,1.6072,4.123715339,
2048,5.3245,1.6245,4.073460004,
2052,5.3245,1.5873,4.148315846,
2056,5.3427,1.6288,4.149370167,
2060,5.3427,1.5685,4.107549399,
2064,5.3790,1.6074,4.129162601,
2068,5.4153,1.5954,4.165184793,
2072,5.3427,1.6223,4.185743862,
2076,5.3608,1.5665,4.202612808,
2080,5.3790,1.6407,4.239864978,
2084,5.3427,1.5961,4.086814484,
2088,5.3063,1.6798,4.101926292,
2092,5.3790,1.5901,4.156750414,
2096,5.3608,1.6588,4.252868144,
2100,5.3971,1.5768,4.094897548,
2104,5.3245,1.5781,4.082773046,
2108,5.3063,1.5880,4.166590617,
2112,5.3245,1.5873,4.101750634,
2116,5.3427,1.5691,4.113347976,
2120,5.3608,1.6183,4.146558708,
2124,5.3971,1.6304,4.15921037,
2128,5.3245,1.5923,4.154466115,
2132,5.3608,1.6125,4.144625912,
2136,5.3063,1.6194,4.150600334,
2140,5.3245,1.6299,4.150951649,
2144,5.3245,1.6345,4.092086089,
2148,5.3971,1.6337,4.073811507,
2152,5.3245,1.6030,4.066255603,
2156,5.3063,1.5910,4.167644938,
2160,5.3608,1.5750,4.211574536,
2164,5.3790,1.5989,4.090680453,
2168,5.3608,1.6133,4.088923126,
2172,5.4153,1.5639,4.076095806,
2176,5.3608,1.6054,4.073635661,
2180,5.3245,1.5720,4.095776212,
2184,5.3245,1.5832,4.160967698,
2188,5.4334,1.6721,4.147613029,
2192,5.3245,1.5746,4.070297041,
2196,5.3427,1.5901,4.110360859,
2200,5.3790,1.5816,4.010552817,
2204,5.3790,1.5978,4.162549179,
2208,5.3063,1.5556,4.187501001,
2212,5.3063,1.6111,4.131095586,
2216,5.3427,1.6177,4.088923126,
2220,5.3608,1.5663,4.095776212,
2224,5.3790,1.6019,4.009147182,
2228,5.2700,1.5974,4.055009576,
2232,5.3245,1.5779,4.149546013,
2236,5.3245,1.5687,3.990872412,
2240,5.3790,1.6533,4.045696534,
2244,5.3245,1.5731,4.091207614,
2248,5.3063,1.5639,3.97874791,
2252,5.4153,1.5984,4.0586997,
2256,5.3063,1.5589,4.069945727,
2260,5.2700,1.5641,4.055185234,
2264,5.3063,1.5926,4.018108721,
2268,5.3427,1.5814,3.974882129,
2272,5.3427,1.5381,4.03761347,
2276,5.3063,1.5801,3.949754461,
2280,5.3063,1.6133,3.995792513,
2284,5.3063,1.5569,4.039546454,
2288,5.3427,1.5591,4.025488968,
2292,5.3063,1.6120,4.029354748,
2296,5.2700,1.5720,3.949578804,
2300,5.3608,1.5340,3.960648985,
2304,5.3245,1.5414,4.009674342,
2308,5.3063,1.5530,3.994738192,
2312,5.3063,1.5414,3.942550061,
2316,5.3608,1.5670,3.922342495,
2320,5.3245,1.5261,3.924626794,
2324,5.3063,1.5740,3.916192226,
2328,5.3608,1.5414,4.00088846,
2332,5.3245,1.5678,3.962230467,
2336,5.3245,1.5068,4.037437812,
2340,5.2882,1.5882,3.974530626,
2344,5.3245,1.5871,3.969610524,
2348,5.3063,1.5696,3.896336163,
2352,5.3427,1.5597,3.928492574,
2356,5.3608,1.4636,3.955904541,
2360,5.3245,1.5399,3.955201723,
2364,5.3245,1.6055,3.912150788,
2368,5.2519,1.5691,3.968029043,
2372,5.2700,1.5969,3.931655537,
2376,5.2882,1.5486,3.93815712,
2380,5.3063,1.5525,3.976990771,
2384,5.2700,1.5514,3.946943002,
2388,5.3245,1.5495,3.953444585,
2392,5.3427,1.5534,3.8931732,
2396,5.3063,1.5856,3.962054621,
2400,5.3245,1.5602,4.012134299,
2404,5.3063,1.5571,4.001415621,
2408,5.3245,1.5937,3.976287953,
2412,5.3063,1.4942,4.020744523,
2416,5.3063,1.5403,4.002997102,
2420,5.3063,1.5272,3.878412896,
2424,5.2519,1.5716,3.849067945,
2428,5.3427,1.5584,3.964163262,
2432,5.3063,1.5362,3.901080607,
2436,5.2882,1.5600,3.932709858,
2440,5.3245,1.5515,4.054130913,
2444,5.3063,1.5362,3.964690423,
2448,5.3427,1.5740,3.887725938,
2452,5.3245,1.6266,3.892821697,
2456,5.2882,1.5302,3.937454113,
2460,5.3245,1.5252,3.911799285,
2464,5.3063,1.6184,3.853988046,
2468,5.3245,1.5362,3.840282063,
2472,5.3971,1.4824,3.903013403,
2476,5.2882,1.5442,3.930776873,
2480,5.3245,1.5512,3.837997764,
2484,5.2519,1.6365,3.971016349,
2488,5.2700,1.5523,4.009674342,
2492,5.3063,1.5538,3.932358355,
2496,5.3063,1.5108,3.863125431,
2500,5.3790,1.5908,3.818668672,
2504,5.3245,1.5528,3.841863544,
2508,5.2700,1.4999,3.930249713,
2512,5.3245,1.5455,3.938332777,
2516,5.3427,1.5624,4.031639047,
2520,5.3063,1.5617,3.848892287,
2524,5.3245,1.5528,3.80654417,
2528,5.3245,1.5515,3.80654417,
2532,5.2882,1.5532,3.932182697,
2536,5.3063,1.5064,3.841512041,
2540,5.3063,1.6043,3.866815555,
2544,5.2519,1.5171,3.958716001,
2548,5.2882,1.5359,3.92040951,
2552,5.2882,1.5340,3.842390705,
2556,5.2337,1.6234,4.073811507,
2560,5.3063,1.5294,3.790026727,
2564,5.2700,1.5261,3.878237239,
2568,5.2882,1.5283,4.004754241,
2572,5.2519,1.5221,3.851879404,
2576,5.3427,1.5418,3.808828469,
2580,5.3063,1.5257,3.843972186,
2584,5.3063,1.5619,3.846432142,
2588,5.3427,1.5261,3.756288835,
2592,5.2337,1.5202,3.85205525,
2596,5.2882,1.5018,3.878061393,
2600,5.3063,1.5569,3.938332777,
2604,5.3063,1.5147,3.812342935,
2608,5.3245,1.5567,3.826927394,
2612,5.2519,1.5128,3.878061393,
2616,5.3063,1.5407,3.865936891,
2620,5.2882,1.5333,3.87103265,
2624,5.3245,1.5785,3.857502512,
2628,5.2700,1.5563,3.949578804,
2632,5.2519,1.5578,3.974706472,
2636,5.2156,1.5764,3.841336384,
2640,5.3063,1.5366,3.892118879,
2644,5.2882,1.5235,3.878764399,
2648,5.2700,1.5316,3.813045753,
2652,5.3063,1.4845,3.86488257,
2656,5.2156,1.5289,3.949754461,
2660,5.2519,1.5104,3.848189281,
2664,5.2519,1.5235,3.873317137,
2668,5.3063,1.5044,3.803381208,
2672,5.3063,1.5491,3.829563196,
2676,5.2882,1.5759,3.915840912,
2680,5.2700,1.5031,3.827278897,
2684,5.2882,1.5490,3.832023341,
2688,5.2519,1.5775,3.83430764,
2692,5.3063,1.5493,3.744867151,
2696,5.3063,1.4933,3.812518593,
2700,5.2882,1.5265,3.932358355,
2704,5.2700,1.4948,3.915489408,
2708,5.3245,1.5283,3.890186084,
2712,5.2519,1.5143,3.881575859,
2716,5.1611,1.5550,3.865058227,
2720,5.2882,1.5591,3.909339329,
2724,5.2882,1.4972,3.91092081,
2728,5.2519,1.5036,3.795473989,
2732,5.3063,1.5259,3.842917865,
2736,5.1974,1.5355,3.905122045,
2740,5.3063,1.5420,4.005632716,
2744,5.2700,1.5300,3.848189281,
2748,5.2156,1.5191,3.855745185,
2752,5.2882,1.4692,3.882103019,
2756,5.2882,1.5230,3.823940277,
2760,5.2519,1.5246,,
2764,5.2882,1.4961,,
2768,5.2700,1.5167,,
2772,5.2337,1.6024,,
2776,5.2156,1.5449,,
2780,5.2337,1.5351,,
2784,5.2700,1.4950,,
2788,5.2519,1.4762,,
2792,5.2882,1.6190,,
2796,5.2700,1.4924,,
2800,5.2337,1.5339,,
2804,5.2882,1.6446,,
2808,5.3063,1.5340,,
2812,5.2700,1.5305,,
2816,5.2700,1.5224,,
2820,5.2882,1.5283,,
2824,5.2700,1.4974,,
2828,5.2337,1.4858,,
2832,5.2337,1.5351,,
2836,5.1430,1.5269,,
2840,5.2337,1.5173,,
2844,5.2882,1.4944,,
2848,5.3427,1.5604,,
2852,5.3063,1.4520,,
2856,5.2519,1.5151,,
2860,5.2519,1.5145,,
2864,5.2519,1.5377,,
2868,5.2519,1.5029,,
2872,5.2882,1.5060,,
2876,5.2519,1.5456,,
2880,5.2156,1.5716,,
2884,5.2519,1.5141,,
2888,5.1793,1.5267,,
2892,5.2337,1.5125,,
2896,5.2337,1.5650,,
2900,5.2700,1.5324,,
2904,5.2519,1.5213,,
2908,5.1974,1.4585,,
2912,5.2156,1.5608,,
2916,5.2337,1.5224,,
2920,5.2519,1.5235,,
2924,5.2700,1.5160,,
2928,5.2156,1.5375,,
2932,5.2156,1.5766,,
2936,5.2337,1.5425,,
2940,5.2882,1.4963,,
2944,5.2700,1.4994,,
2948,5.2519,1.5339,,
2952,5.2700,1.5081,,
2956,5.2519,1.5764,,
2960,5.3245,1.5233,,
2964,5.2519,1.4795,,
2968,5.2519,1.4448,,
2972,5.2337,1.4859,,
2976,5.2519,1.4957,,
2980,5.2337,1.5538,,
2984,5.2700,1.5436,,
2988,5.2519,1.4721,,
2992,5.2337,1.4929,,
2996,5.2519,1.6090,,
3000,5.2519,1.5099,,
3004,5.2337,1.4944,,
3008,5.2700,1.5210,,
3012,5.2700,1.5331,,
3016,5.2337,1.5092,,
3020,5.2156,1.4845,,
3024,5.2156,1.5141,,
3028,5.2156,1.5197,,
3032,5.3063,1.5340,,
3036,5.1611,1.4659,,
3040,5.2337,1.5014,,
3044,5.2337,1.5514,,
3048,5.2337,1.4660,,
3052,5.2519,1.5189,,
3056,5.2156,1.4454,,
3060,5.2337,1.5375,,
3064,5.2700,1.5254,,
3068,5.2519,1.5003,,
3072,5.2156,1.4988,,
3076,5.2156,1.5053,,
3080,5.2156,1.5414,,
3084,5.2882,1.4900,,
3088,5.2519,1.5700,,
3092,5.2337,1.5189,,
3096,5.2337,1.5077,,
3100,5.2337,1.5407,,
3104,5.2700,1.5827,,
3108,5.2337,1.5057,,
3112,5.1974,1.4889,,
3116,5.2337,1.4631,,
3120,5.2156,1.5322,,
3124,5.2156,1.5545,,
3128,5.2156,1.4970,,
3132,5.2519,1.5239,,
3136,5.2337,1.4841,,
3140,5.2156,1.4872,,
3144,5.2519,1.5786,,
3148,5.1793,1.4922,,
3152,5.2337,1.4922,,
3156,5.2337,1.5667,,
3160,5.2337,1.5326,,
3164,5.2156,1.4260,,
3168,5.2700,1.5219,,
3172,5.2156,1.5062,,
3176,5.1793,1.4789,,
3180,5.2156,1.4517,,
3184,5.2337,1.5600,,
3188,5.2337,1.5254,,
3192,5.2156,1.5053,,
3196,5.2700,1.5110,,
3200,5.2156,1.5047,,
3204,5.1974,1.4789,,
3208,5.1974,1.4426,,
3212,5.1793,1.5436,,
3216,5.1793,1.4905,,
3220,5.2156,1.4716,,
3224,5.2156,1.5077,,
3228,5.2337,1.4981,,
3232,5.1793,1.4813,,
3236,5.1974,1.5418,,
3240,5.2156,1.4791,,
3244,5.2519,1.4889,,
3248,5.2156,1.4786,,
3252,5.2156,1.5152,,
3256,5.2519,1.5313,,
3260,5.2156,1.5591,,
3264,5.2156,1.5132,,
3268,5.2156,1.5116,,
3272,5.2519,1.5210,,
3276,5.1793,1.4732,,
3280,5.1793,1.5466,,
3284,5.1430,1.5233,,
3288,5.2156,1.4682,,
3292,5.2337,1.5066,,
3296,5.1974,1.5034,,
3300,5.1611,1.5210,,
3304,5.2337,1.4701,,
3308,5.2337,1.5197,,
3312,5.2337,1.4859,,
3316,5.1793,1.5184,,
3320,5.1248,1.5366,,
3324,5.2156,1.4791,,
3328,5.1793,1.4815,,
3332,5.2337,1.4893,,
3336,5.2337,1.5064,,
3340,5.1974,1.5383,,
3344,5.1974,1.4953,,
3348,5.2337,1.5093,,
3352,5.2156,1.5283,,
3356,5.2156,1.5082,,
3360,5.0885,1.5051,,
3364,5.2156,1.4447,,
3368,5.2337,1.5149,,
3372,5.2156,1.4517,,
3376,5.1793,1.5029,,
3380,5.2519,1.4841,,
3384,5.2519,1.5368,,
3388,5.1066,1.4975,,
3392,5.1974,1.4611,,
3396,5.1974,1.4695,,
3400,5.1974,1.5025,,
3404,5.1793,1.5187,,
3408,5.1974,1.5668,,
3412,5.1611,1.5355,,
3416,5.2156,1.4959,,
3420,5.2156,1.5267,,
3424,5.1611,1.4662,,
3428,5.1793,1.5619,,
3432,5.2156,1.4939,,
3436,5.2519,1.5442,,
3440,5.1974,1.4992,,
3444,5.1974,1.4905,,
3448,5.1793,1.4928,,
3452,5.2156,1.5127,,
3456,5.1974,1.4990,,
3460,5.1430,1.4705,,
3464,5.1793,1.4922,,
3468,5.1974,1.5296,,
3472,5.2156,1.4725,,
3476,5.1793,1.5044,,
3480,5.1611,1.5392,,
3484,5.2337,1.4784,,
3488,5.1974,1.4778,,
3492,5.1974,1.5066,,
3496,5.1974,1.4996,,
3500,5.1974,1.4791,,
3504,5.1611,1.5316,,
3508,5.2519,1.5197,,
3512,5.2156,1.4104,,
3516,5.1974,1.5340,,
3520,5.2337,1.4872,,
3524,5.1974,1.5027,,
3528,5.1430,1.5245,,
3532,5.1793,1.5116,,
3536,5.2156,1.5471,,
3540,5.1974,1.4594,,
3544,5.1974,1.5272,,
3548,5.1974,1.4928,,
3552,5.1974,1.5184,,
3556,5.2337,1.5263,,
3560,5.1793,1.4797,,
3564,5.1974,1.4955,,
3568,5.2337,1.5772,,
3572,5.2337,1.4386,,
3576,5.2519,1.4588,,
3580,5.1974,1.4994,,
3584,5.1611,1.4902,,
3588,5.2519,1.5344,,
3592,5.1974,1.5619,,
3596,5.1248,1.5121,,
3600,5.2337,1.4874,,
3604,5.1974,1.4889,,
3608,5.2156,1.5027,,
3612,5.1611,1.4546,,
3616,5.1974,1.5130,,
3620,5.1793,1.4531,,
3624,5.2337,1.4845,,
3628,5.1793,1.4788,,
3632,5.1793,1.5281,,
3636,5.1793,1.5154,,
3640,5.2156,1.4741,,
3644,5.1793,1.4281,,
3648,5.1611,1.4552,,
3652,5.1611,1.5204,,
3656,5.1430,1.5237,,
3660,5.1793,1.5075,,
3664,5.1793,1.4863,,
3668,5.1793,1.5663,,
3672,5.1974,1.4778,,
3676,5.1974,1.5014,,
3680,5.1974,1.5316,,
3684,5.1793,1.5259,,
3688,5.1793,1.4659,,
3692,5.1793,1.4843,,
3696,5.1430,1.4673,,
3700,5.1611,1.4751,,
3704,5.1793,1.4900,,
3708,5.1974,1.5081,,
3712,5.1974,1.5267,,
3716,5.1793,1.5103,,
3720,5.2337,1.4769,,
3724,5.1430,1.4782,,
3728,5.1793,1.5171,,
3732,5.1611,1.5116,,
3736,5.1793,1.3752,,
3740,5.2156,1.4841,,
3744,5.1793,1.4583,,
3748,5.1793,1.4904,,
3752,5.1430,1.4940,,
3756,5.1793,1.5173,,
3760,5.1611,1.5178,,
3764,5.2337,1.5434,,
3768,5.1793,1.4791,,
3772,5.1793,1.5046,,
3776,5.0885,1.5110,,
3780,5.1793,1.5221,,
3784,5.1974,1.4338,,
3788,5.1793,1.5587,,
3792,5.1974,1.4950,,
3796,5.1611,1.4918,,
3800,5.1974,1.5066,,
3804,5.1974,1.4905,,
3808,5.1974,1.4942,,
3812,5.1430,1.4542,,
3816,5.1430,1.5169,,
3820,5.1430,1.4775,,
3824,5.1974,1.5020,,
3828,5.1066,1.4811,,
3832,5.1974,1.5838,,
3836,5.1793,1.4636,,
3840,5.2156,1.4780,,
3844,5.1430,1.4804,,
3848,5.1974,1.4845,,
3852,5.1793,1.5014,,
3856,5.1611,1.4861,,
3860,5.1793,1.5180,,
3864,5.1611,1.5633,,
3868,5.1793,1.4616,,
3872,5.1248,1.4977,,
3876,5.2156,1.4966,,
3880,5.1611,1.4988,,
3884,5.1793,1.5016,,
3888,5.1793,1.5530,,
3892,5.1430,1.5385,,
3896,5.1793,1.5132,,
3900,5.1611,1.4716,,
3904,5.1248,1.4924,,
3908,5.1430,1.5224,,
3912,5.1611,1.5359,,
3916,5.1611,1.5576,,
3920,5.2156,1.4891,,
3924,5.1793,1.4443,,
3928,5.1248,1.5022,,
3932,5.1611,1.5431,,
3936,5.1248,1.4852,,
3940,5.1430,1.5385,,
3944,5.1430,1.5761,,
3948,5.1793,1.5585,,
3952,5.1793,1.4775,,
3956,5.2156,1.4859,,
3960,5.1430,1.4730,,
3964,5.1611,1.4894,,
3968,5.1066,1.5210,,
3972,5.1793,1.4474,,
3976,5.1793,1.4900,,
3980,5.1793,1.4950,,
3984,5.1793,1.5169,,
3988,5.0885,1.4998,,
3992,5.1793,1.4408,,
3996,5.2156,1.5407,,
4000,5.1793,1.4765,,
4004,5.1430,1.5232,,
4008,5.1793,1.4616,,
4012,5.1793,1.4297,,
4016,5.2337,1.4972,,
4020,5.1066,1.5337,,
4024,5.1793,1.4858,,
4028,5.1248,1.4605,,
4032,5.1793,1.4808,,
4036,5.1611,1.5261,,
4040,5.1430,1.5156,,
4044,5.1974,1.4788,,
4048,5.1611,1.4854,,
4052,5.1793,1.4832,,
4056,5.1430,1.5128,,
4060,5.1430,1.5656,,
4064,5.1611,1.5333,,
4068,5.1248,1.5119,,
4072,5.1793,1.4734,,
4076,5.1248,1.5285,,
4080,5.1430,1.4701,,
4084,5.1793,1.4670,,
4088,5.1430,1.5147,,
4092,5.1611,1.4618,,
4096,5.1611,1.4415,,
4100,5.1248,1.4821,,
4104,5.1430,1.4205,,
4108,5.1611,1.5046,,
4112,5.1793,1.5799,,
4116,5.1611,1.4878,,
4120,5.1430,1.5165,,
4124,5.2156,1.4977,,
4128,5.1430,1.5071,,
4132,5.1793,1.5042,,
4136,5.1066,1.5005,,
4140,5.1611,1.4861,,
4144,5.1248,1.5149,,
4148,5.1611,1.4834,,
4152,5.1248,1.5095,,
4156,5.1248,1.5119,,
4160,5.1066,1.4900,,
4164,5.1611,1.4688,,
4168,5.1430,1.4974,,
4172,5.1793,1.5099,,
4176,5.1066,1.4865,,
4180,5.1793,1.5101,,
4184,5.0885,1.4913,,
4188,5.1248,1.4096,,
4192,5.1430,1.5110,,
4196,5.1430,1.4572,,
4200,5.1248,1.4559,,
4204,5.1793,1.4413,,
4208,5.1430,1.5469,,
4212,5.1611,1.4646,,
4216,5.1430,1.4821,,
4220,5.1611,1.4270,,
4224,5.1793,1.5044,,
4228,5.1066,1.4985,,
4232,5.1793,1.5057,,
4236,5.1611,1.5388,,
4240,5.1793,1.4852,,
4244,5.1611,1.4480,,
4248,5.1611,1.5001,,
4252,5.1248,1.4998,,
4256,5.0885,1.4096,,
4260,5.1066,1.4891,,
4264,5.1066,1.5042,,
4268,5.1793,1.4955,,
4272,5.1248,1.5152,,
4276,5.1066,1.4609,,
4280,5.1430,1.4797,,
4284,5.1248,1.4867,,
4288,5.1430,1.4869,,
4292,5.1611,1.5049,,
4296,5.1611,1.5101,,
4300,5.1066,1.5003,,
4304,5.1611,1.4887,,
4308,5.1430,1.5066,,
4312,5.1248,1.5241,,
4316,5.1248,1.4867,,
4320,5.1248,1.5022,,
4324,5.0885,1.5066,,
4328,5.1248,1.5256,,
4332,5.1066,1.4789,,
4336,5.1611,1.4854,,
4340,5.1430,1.4946,,
4344,5.1248,1.4603,,
4348,5.0703,1.4858,,
4352,5.1248,1.4896,,
4356,5.1248,1.4953,,
4360,5.1430,1.4867,,
4364,5.0703,1.4736,,
4368,5.1248,1.5143,,
4372,5.1248,1.4714,,
4376,5.1248,1.5093,,
4380,5.1066,1.5160,,
4384,5.1430,1.4782,,
4388,5.1430,1.4806,,
4392,5.1066,1.4646,,
4396,5.1248,1.5079,,
4400,5.1611,1.4465,,
4404,5.1430,1.4301,,
4408,5.1248,1.4552,,
4412,5.1066,1.5097,,
4416,5.1066,1.4797,,
4420,5.1066,1.4823,,
4424,5.1611,1.4590,,
4428,5.1248,1.4625,,
4432,5.1066,1.5092,,
4436,5.1793,1.5058,,
4440,5.1066,1.4598,,
4444,5.1430,1.5141,,
4448,5.1248,1.4749,,
4452,5.1611,1.4627,,
4456,5.1066,1.5237,,
4460,5.0885,1.4719,,
4464,5.1248,1.4924,,
4468,5.1611,1.4747,,
4472,5.0885,1.4839,,
4476,5.1430,1.4155,,
4480,5.1430,1.4524,,
4484,5.1248,1.4955,,
4488,5.1430,1.4419,,
4492,5.1066,1.5495,,
4496,5.0885,1.4566,,
4500,5.0885,1.5265,,
4504,5.1248,1.4867,,
4508,5.0703,1.5031,,
4512,5.1430,1.5016,,
4516,5.1248,,,
4520,5.0703,,,
4524,5.1066,,,
